{"cameraMode":{"drawMode":0,"name":"Shaded","section":"Shading Mode"},"sceneLighting":false,"audioPlay":false,"sceneViewState":{"showFog":true,"showMaterialUpdate":false,"showSkybox":true,"showFlares":true,"showImageEffects":true,"showParticleSystems":true},"in2DMode":false,"pivot":{"x":-102.20391845703125,"y":1.5107959508895875,"z":77.156982421875},"rotation":{"x":-0.12531359493732453,"y":-0.8500174283981323,"z":0.23416267335414887,"w":-0.4549131691455841},"size":6.672784805297852,"orthographic":false}