{"cameraMode":{"drawMode":0,"name":"Shaded","section":"Shading Mode"},"sceneLighting":false,"audioPlay":false,"sceneViewState":{"showFog":true,"showMaterialUpdate":false,"showSkybox":false,"showFlares":true,"showImageEffects":true,"showParticleSystems":true},"in2DMode":false,"pivot":{"x":3.109999656677246,"y":11.199999809265137,"z":16.5},"rotation":{"x":-0.15484756231307984,"y":0.8345022797584534,"z":-0.4395650625228882,"w":-0.29397305846214297},"size":38.12144088745117,"orthographic":false}