{"cameraMode":{"drawMode":0,"name":"Shaded","section":"Shading Mode"},"sceneLighting":false,"audioPlay":false,"sceneViewState":{"showFog":true,"showMaterialUpdate":false,"showSkybox":false,"showFlares":true,"showImageEffects":true,"showParticleSystems":true},"in2DMode":false,"pivot":{"x":3.1700000762939455,"y":11.199999809265137,"z":21.600000381469728},"rotation":{"x":0.04782978445291519,"y":0.9289345741271973,"z":-0.3436320424079895,"w":0.12929823994636537},"size":8.630474090576172,"orthographic":false}