{"cameraMode":{"drawMode":0,"name":"Shaded","section":"Shading Mode"},"sceneLighting":false,"audioPlay":false,"sceneViewState":{"showFog":true,"showMaterialUpdate":false,"showSkybox":false,"showFlares":true,"showImageEffects":true,"showParticleSystems":true},"in2DMode":false,"pivot":{"x":6.130000114440918,"y":11.199999809265137,"z":29.110000610351564},"rotation":{"x":0.29769158363342287,"y":0.7016679644584656,"z":-0.4397621750831604,"w":0.4751143753528595},"size":1.5473244190216065,"orthographic":false}