{"cameraMode":{"drawMode":0,"name":"Shaded","section":"Shading Mode"},"sceneLighting":false,"audioPlay":false,"sceneViewState":{"showFog":true,"showMaterialUpdate":false,"showSkybox":false,"showFlares":true,"showImageEffects":true,"showParticleSystems":true},"in2DMode":false,"pivot":{"x":-4.8212504386901859,"y":-1.089162826538086,"z":0.41892096400260928},"rotation":{"x":0.06439271569252014,"y":-0.7194797992706299,"z":0.06734686344861984,"w":0.6882800459861755},"size":3.481220245361328,"orthographic":false}