{"cameraMode":{"drawMode":0,"name":"Shaded","section":"Shading Mode"},"sceneLighting":false,"audioPlay":false,"sceneViewState":{"showFog":true,"showMaterialUpdate":false,"showSkybox":false,"showFlares":true,"showImageEffects":true,"showParticleSystems":true},"in2DMode":false,"pivot":{"x":3.109999656677246,"y":1.100000023841858,"z":12.4399995803833},"rotation":{"x":0.19652527570724488,"y":0.5971395373344421,"z":-0.15394560992717744,"w":0.762306809425354},"size":1.870828628540039,"orthographic":false}