{"cameraMode":{"drawMode":1,"name":"Wireframe","section":"Shading Mode"},"sceneLighting":false,"audioPlay":false,"sceneViewState":{"showFog":true,"showMaterialUpdate":false,"showSkybox":false,"showFlares":true,"showImageEffects":true,"showParticleSystems":true},"in2DMode":false,"pivot":{"x":4.095620632171631,"y":-0.5849313139915466,"z":1.0308221578598023},"rotation":{"x":0.05982299521565437,"y":0.724838376045227,"z":-0.06344322115182877,"w":0.6834073662757874},"size":4.8243727684021,"orthographic":false}